username,pgp_key,wallet_id,domain,text,timestamp,source
ShadowX,PGP_KEY_001,WALLET_BTC_001,darkmarket-x.onion,"High performance servers available with zero logging and maximum bandwidth. Contact me for bulk pricing.",2026-01-10T14:32:00,forum_alpha
DarkWolf,PGP_KEY_001,WALLET_BTC_001,darkmarket-x.onion,"Providing high speed servers with zero log policy and maximum bandwidth. Bulk orders welcome.",2026-01-15T09:21:10,forum_beta
ShadowX,PGP_KEY_001,WALLET_BTC_001,market.onion,"Dedicated RDP servers available with unlimited bandwidth. Send PM for details and pricing.",2026-01-18T18:45:00,market_main
DarkWolf,PGP_KEY_001,WALLET_BTC_001,market.onion,"Dedicated server access available. Zero logs and high bandwidth guaranteed. PM for bulk deals.",2026-01-20T11:05:30,forum_alpha
ShadowX,PGP_KEY_001,WALLET_BTC_001,darkmarket-x.onion,"New batch of clean RDP servers just loaded. Fast connections with zero logging policy enforced.",2026-02-02T08:15:00,forum_alpha
DarkWolf,PGP_KEY_001,WALLET_BTC_001,darkmarket-x.onion,"Fresh server batch uploaded today. Fast speeds and strict zero logging. Message for access.",2026-02-05T10:30:00,forum_beta
ShadowX,PGP_KEY_001,WALLET_BTC_001,market.onion,"Weekend special on premium servers. All connections come with maximum bandwidth guaranteed.",2026-02-10T16:20:00,market_main
DarkWolf,PGP_KEY_001,WALLET_BTC_001,market.onion,"Server sale this weekend. Premium bandwidth and zero trace policy. Limited availability.",2026-02-12T14:00:00,forum_alpha
CipherGhost,PGP_KEY_002,WALLET_XMR_002,blackmarket-v2.onion,"SQL injection vulnerability research and proof of concept available. Academic purposes only.",2026-01-12T08:00:00,forum_beta
PhantomOperator,PGP_KEY_003,WALLET_XMR_002,blackmarket-v2.onion,"Selling web vulnerability research with SQL injection scripts. Educational use only.",2026-01-14T22:15:00,forum_beta
CipherGhost,PGP_KEY_002,WALLET_XMR_002,exploit-hub.onion,"Automated scanner for SQL vulnerabilities and remote execution exploits. Research tool.",2026-01-22T19:30:00,exploit_forum
PhantomOperator,PGP_KEY_003,WALLET_XMR_002,exploit-hub.onion,"New vulnerability scanner released. Detects SQL injection and RCE vectors automatically.",2026-01-25T15:45:00,exploit_forum
CipherGhost,PGP_KEY_002,WALLET_XMR_002,blackmarket-v2.onion,"Updated exploit toolkit with improved SQL injection detection and bypass methods.",2026-02-08T11:00:00,forum_beta
PhantomOperator,PGP_KEY_003,WALLET_XMR_002,blackmarket-v2.onion,"Exploit toolkit v2 released. Better SQL injection handling and more reliable payloads.",2026-02-15T09:00:00,exploit_forum
RedFox,PGP_KEY_004,WALLET_BTC_003,another.onion,"Looking for buyers interested in database dumps and leaked credentials. Verified data.",2026-01-12T10:15:00,forum_alpha
CyberKnight,PGP_KEY_004,WALLET_BTC_004,cyberforum.onion,"Fresh credit card logs and dump packages available. All data verified and tested.",2026-01-16T15:50:00,forum_gamma
RedFox,PGP_KEY_004,WALLET_BTC_003,another.onion,"Updated database leak listings available. Contact me for bulk orders and samples.",2026-01-24T09:10:00,forum_alpha
CyberKnight,PGP_KEY_007,WALLET_BTC_004,cyberforum.onion,"Premium dump packages with high balance cards. All tested within 24 hours.",2026-02-01T12:30:00,forum_gamma
AnonTrader,PGP_KEY_005,WALLET_ETH_005,crypto-exchange.onion,"Verified crypto accounts and mixer vouchers available. Escrow accepted on all trades.",2026-01-11T12:00:00,exchange_hub
VortexAdmin,PGP_KEY_006,WALLET_BTC_006,darkmarket-x.onion,"Marketplace announcement: escrow rules have been updated for 2026. Read the new guidelines.",2026-01-01T00:05:00,darkmarket-x.onion
NightCrawler,PGP_KEY_008,WALLET_BTC_007,deepweb-market.onion,"Offering custom malware development services. RATs and keyloggers built to specification.",2026-01-20T07:30:00,forum_alpha
BytePhantom,PGP_KEY_009,WALLET_BTC_008,deepweb-market.onion,"Custom trojan development with stealth features. Undetected by major antivirus solutions.",2026-01-22T14:20:00,forum_beta
NightCrawler,PGP_KEY_008,WALLET_BTC_007,shadow-market.onion,"Updated RAT toolkit with new persistence mechanisms. Fully undetectable by current AV.",2026-02-03T09:45:00,forum_alpha
BytePhantom,PGP_KEY_009,WALLET_BTC_008,shadow-market.onion,"Stealth trojan v3 released. New evasion techniques against behavioral analysis engines.",2026-02-07T16:10:00,forum_beta
AnonTrader,PGP_KEY_005,WALLET_ETH_005,crypto-exchange.onion,"Bulk crypto mixer vouchers now available. Fast processing and guaranteed anonymity.",2026-02-01T10:00:00,exchange_hub
ZeroTrace,PGP_KEY_010,WALLET_XMR_009,privacy-forum.onion,"VPN service review: tested 15 providers for DNS leaks and logging policies.",2026-01-15T11:00:00,privacy_forum
ZeroTrace,PGP_KEY_010,WALLET_XMR_009,privacy-forum.onion,"Updated VPN comparison chart. Three providers failed DNS leak tests this month.",2026-02-10T08:30:00,privacy_forum
GhostAdmin,PGP_KEY_011,WALLET_BTC_010,admin-panel.onion,"Forum maintenance scheduled for next weekend. All services will be temporarily offline.",2026-01-05T22:00:00,admin_channel
GhostAdmin,PGP_KEY_011,WALLET_BTC_010,admin-panel.onion,"Security update applied to forum infrastructure. Two factor authentication now required.",2026-02-20T18:00:00,admin_channel
DataBroker,PGP_KEY_012,WALLET_BTC_011,data-market.onion,"Premium SSN database with 500k verified records. Bulk discount available for resellers.",2026-01-18T13:00:00,forum_gamma
DataBroker,PGP_KEY_012,WALLET_BTC_011,data-market.onion,"New batch of financial records added. All entries verified within the last 30 days.",2026-02-14T10:30:00,forum_gamma
IronClad,PGP_KEY_013,WALLET_ETH_012,secure-deals.onion,"Escrow service now available for high value transactions. Fully automated and trustless.",2026-01-25T16:00:00,exchange_hub
IronClad,PGP_KEY_013,WALLET_ETH_012,secure-deals.onion,"Escrow platform update: added support for Monero and Litecoin transactions.",2026-02-18T12:00:00,exchange_hub
PixelDrift,PGP_KEY_014,WALLET_BTC_013,art-market.onion,"Digital art commissions open. Custom avatars and forum signatures at competitive prices.",2026-01-30T09:00:00,forum_alpha
PixelDrift,PGP_KEY_014,WALLET_BTC_013,art-market.onion,"New portfolio updated with latest work. Accepting crypto payments for all commissions.",2026-02-22T11:00:00,forum_alpha
SilkVendor,PGP_KEY_015,WALLET_XMR_014,silk-road-v3.onion,"Premium product listings now live. All items ship within 48 hours with tracking provided.",2026-01-08T07:00:00,market_main
SilkVendor,PGP_KEY_015,WALLET_XMR_014,silk-road-v3.onion,"Restocked all popular items. Express shipping now available for verified buyers.",2026-02-25T15:30:00,market_main
VortexAdmin,PGP_KEY_006,WALLET_BTC_006,darkmarket-x.onion,"Vendor verification process updated. All new vendors must complete identity check.",2026-02-01T08:00:00,darkmarket-x.onion
RedFox,PGP_KEY_004,WALLET_BTC_003,cyberforum.onion,"Credential dump sale ending soon. Last chance for bulk pricing on verified accounts.",2026-02-28T20:00:00,forum_alpha
NightCrawler,PGP_KEY_008,WALLET_BTC_007,deepweb-market.onion,"Year-end clearance on all malware packages. Custom builds available at reduced rates.",2026-02-28T23:59:00,forum_alpha